{"cameraMode":{"drawMode":0,"name":"Shaded","section":"Shading Mode"},"sceneLighting":false,"audioPlay":false,"sceneViewState":{"m_AlwaysRefresh":false,"showFog":true,"showSkybox":false,"showFlares":true,"showImageEffects":true,"showParticleSystems":true,"showVisualEffectGraphs":true,"m_FxEnabled":true},"in2DMode":false,"pivot":{"x":-0.5988675355911255,"y":1.3547930717468262,"z":-1.0855858325958253},"rotation":{"x":-0.02086215652525425,"y":-0.11372823268175125,"z":-0.0023886424023658039,"w":0.9932903051376343},"size":1.1489816904067994,"orthographic":false}