{"cameraMode":{"drawMode":0,"name":"Shaded","section":"Shading Mode"},"sceneLighting":true,"audioPlay":false,"sceneViewState":{"m_AlwaysRefresh":false,"showFog":true,"showSkybox":true,"showFlares":true,"showImageEffects":true,"showParticleSystems":true,"showVisualEffectGraphs":true,"m_FxEnabled":true},"in2DMode":false,"pivot":{"x":-0.0021257102489471437,"y":2.5453600883483888,"z":-0.0031488388776779176},"rotation":{"x":-0.011078732088208199,"y":0.9839655756950378,"z":0.16536147892475129,"w":0.06592398136854172},"size":0.3037761151790619,"orthographic":false}