{"cameraMode":{"drawMode":0,"name":"Shaded","section":"Shading Mode"},"sceneLighting":true,"audioPlay":false,"sceneViewState":{"m_AlwaysRefresh":false,"showFog":true,"showSkybox":true,"showFlares":true,"showImageEffects":true,"showParticleSystems":true,"showVisualEffectGraphs":true,"m_FxEnabled":true},"in2DMode":false,"pivot":{"x":-0.27604126930236819,"y":1.705504298210144,"z":1.5432112216949463},"rotation":{"x":-0.02086215652525425,"y":-0.11372823268175125,"z":-0.0023886424023658039,"w":0.9932903051376343},"size":2.651688814163208,"orthographic":false}