{"cameraMode":{"drawMode":0,"name":"Shaded","section":"Shading Mode"},"sceneLighting":false,"audioPlay":false,"sceneViewState":{"m_AlwaysRefresh":false,"showFog":true,"showSkybox":false,"showFlares":true,"showImageEffects":true,"showParticleSystems":true,"showVisualEffectGraphs":true,"m_FxEnabled":true},"in2DMode":false,"pivot":{"x":-0.00002288818359375,"y":0.19121360778808595,"z":-19.499835968017579},"rotation":{"x":0.1829371601343155,"y":-0.25337880849838259,"z":0.04886121302843094,"w":0.948655366897583},"size":92.0860824584961,"orthographic":false}